P_Layer,P_Hidden,FQ-EL-NEW,FQ-RP-NEW,FQ-Final-NEW,SQ-EL-NEW,SQ-RP-NEW,SQ-Final-NEW,WQ-EL-NEW,WQ-RP-NEW,WQ-Final-NEW,SQFQ-ED,SQFQ-EL,SQFQ-RP,SQFQ-Final,WQSQ-ED,WQSQ-EL,WQSQ-RP,WQSQ-Final,FQSQ-ED,FQSQ-EL,FQSQ-RP,FQSQ-Final,FQWQ-ED,FQWQ-EL,FQWQ-RP,FQWQ-Final,WQFQ-ED,WQFQ-EL,WQFQ-RP,WQFQ-Final,FQ917-Final,FQ917-ED,FQ917-EL,FQ917-RP,SQ917-Final,SQ917-ED,SQ917-EL,SQ917-RP,WQ917-Final,WQ917-ED,WQ917-EL,WQ917-RP,SQWQ-Final,SQWQ-ED,SQWQ-EL,SQWQ-RP,FQ-Final,FQ-ED,FQ-EL,FQ-RP,SQ-Final,SQ-ED,SQ-EL,SQ-RP,WQ-Final,WQ-ED,WQ-EL,WQ-RP,I01,I02,I03,I04,I05,I06,I07,I08,I09,I10,E01,E02,E03,E04,E05,E06,E07,E08,E09,E10,D01,D02,D03,D04,D05,D06,D07,D08,D09,D10,L01,L02,L03,L04,L05,L06,L07,L08,L09,L10,LEN,WC,DEP,TC,BS,TEN,SN,ON,OMO,CI,SQ-MINI-ED,SQ-MINI-EL,SQ-MINI-RP,SQ-MINI-Final,COLA-EVAL-MCC,MNLI-EVAL-MNLI-MM-ACC,MNLI-EVAL-MNLI-ACC,MRPC-EVAL-ACC,MRPC-EVAL-F1,QNLI-EVAL-ACC,QQP-EVAL-ACC,QQP-EVAL-F1,RTE-EVAL-ACC,SST-2-EVAL-ACC,STS-B-EVAL-PEARSON,STS-B-EVAL-SPEARMANR,WNLI-EVAL-ACC
2,128,0.563273073,0.816365366,0.360608944,0.905904059,0.95802583,0.757841328,0.745052386,0.67636787,0.33410943,27.917928,0.425784967,42.102759,16.03235014,46.141771,0.659732472,20.387454,14.21125461,46.075357,0.652398524,32.01107,18.30719557,66.034381,0.646100116,47.962747,22.00232829,24.855941,0.29923882,19.647954,4.804947669,11.0701107,49.236641,0.734317343,20.295203,41.32841328,78.33935,0.848708487,50.184502,11.43911439,57.09282,0.723247232,16.605166,32.94528522,69.579832,0.736903376,65.075669,26.68886775,44.697674,0.500475737,0.656041865,0.716281643,0.89703872,0.892101259,0.928943607,54.83119907,85.057471,0.779976717,0.856810244,0.78,0.64,0,0,0.84,0.8,0.78,0.82,0.62,0.7,0.72,0.68,0.32,0.42,0.48,0.14,0.1,0.2,0.4,0.28,0,0.3,0.42,0,0,0,0.02,0.2,0.26,0.28,0.2,0.24,0.14,0.14,0.12,0.12,0.14,0.06,0.08,0.28,0.5432,0.0531,0.2274,0.236,0.5021,0.8297,0.7121,0.6874,0.5055,0.5119,56.461001,0.78346915,58.440047,30.03492433,-0.022615695,0.715113914,0.71360163,0.745098039,0.836990596,0.79553359,0.851916893,0.813854429,0.581227437,0.809633028,0.806063996,0.817065543,0.408450704
2,256,0.612749762,0.826831589,0.403901047,0.910378229,0.963560886,0.770848708,0.768335274,0.821885914,0.478463329,31.59627,0.470504282,47.193149,19.64795433,49.840553,0.685147601,21.872694,16.00092251,53.194975,0.706688192,35.115314,20.68265683,69.43308,0.686845169,49.359721,23.16647264,27.719353,0.350142721,24.357755,7.516650809,13.28413284,53.875969,0.749077491,22.878229,44.2804428,82.417582,0.878228782,54.243542,14.39114391,64.210526,0.763837638,18.450185,35.62281723,70.734463,0.739231665,71.827707,32.6831589,51.01476,0.549952426,0.714557564,0.730575921,0.91219143,0.897726749,0.937704616,59.83701979,87.903226,0.796274738,0.88242142,0.9,0.66,0.02,0,0.88,0.82,0.88,0.9,0.74,0.86,0.9,0.74,0.42,0.44,0.48,0.14,0.18,0.22,0.36,0.34,0.02,0.44,0.58,0,0,0,0.02,0.3,0.26,0.4,0.22,0.32,0.16,0.22,0.24,0.18,0.22,0.16,0.24,0.26,0.6219,0.0784,0.2569,0.3257,0.5975,0.8448,0.7614,0.7544,0.4988,0.5011,64.658169,0.857974389,57.159488,28.63795111,0.143842011,0.73586249,0.732959755,0.737745098,0.82601626,0.815852096,0.873361365,0.83092266,0.599277978,0.818807339,0.843201199,0.84115198,0.478873239
2,512,0.638439581,0.848239772,0.466222645,0.91351476,0.968357934,0.777859779,0.759022119,0.868451688,0.591385332,35.127259,0.483349191,48.572788,20.69457659,52.613137,0.71595941,25.050738,18.1595941,51.709078,0.716605166,40.032288,23.69464945,64.724509,0.648428405,53.899884,24.91268917,26.8023,0.364414843,21.788773,6.612749762,14.7601476,41.72043,0.653136531,29.520295,46.12546125,84.249084,0.885608856,55.719557,14.7601476,64.468864,0.79704797,19.557196,43.18975553,74.727794,0.760186263,77.066356,35.77545195,53.551913,0.570884872,0.754043768,0.73689307,0.91968453,0.900078388,0.944990086,62.5145518,86.871024,0.799767171,0.903376019,0.88,0.76,0.06,0,0.94,0.9,0.9,0.9,0.8,0.74,0.96,0.66,0.66,0.34,0.48,0.2,0.12,0.24,0.4,0.46,0,0.4,0.68,0,0.08,0,0.08,0.3,0.32,0.44,0.24,0.22,0.32,0.36,0.32,0.16,0.2,0.26,0.24,0.34,0.6136,0.2006,0.2773,0.3755,0.5786,0.8447,0.7785,0.8081,0.505,0.5359,73.216374,0.877764843,77.764843,48.42840512,0.217822762,0.75630594,0.750076414,0.754901961,0.833333333,0.83269266,0.881770962,0.84084704,0.635379061,0.862385321,0.86415495,0.860578529,0.211267606
2,768,0.626070409,0.86869648,0.467649857,0.913238007,0.972001845,0.785332103,0.761350407,0.880093132,0.61233993,36.09079,0.504281637,50.951475,22.40723121,50.810959,0.72154059,25.756458,18.35793358,50.476071,0.694188192,44.063653,25.06457565,64.545455,0.642607683,54.59837,26.54249127,27.222471,0.374881066,27.640343,8.420551855,16.97416974,50.21097,0.671586716,29.889299,51.29151292,86.50647,0.900369004,62.361624,14.02214022,63.720074,0.79704797,20.295203,43.88824214,76.294591,0.769499418,76.600698,38.15413892,54.609616,0.589914367,0.785918173,0.744501314,0.92920415,0.901646147,0.951445566,62.74738068,89.791183,0.804423749,0.910360885,0.84,0.6,0.02,0,0.88,0.88,0.66,0.82,0.66,0.54,0.88,0.7,0.6,0.46,0.46,0.2,0.12,0.44,0.26,0.34,0,0.32,0.56,0,0,0,0.04,0.3,0.3,0.4,0.12,0.34,0.18,0.28,0.3,0.12,0.22,0.24,0.18,0.26,0.5963,0.2102,0.2582,0.352,0.6171,0.8528,0.7783,0.7763,0.5053,0.5103,74.956622,0.897555297,83.46915,60.76833527,0.255474837,0.763934093,0.759857361,0.781862745,0.850921273,0.827567271,0.887731882,0.848805836,0.642599278,0.876146789,0.866502248,0.862890684,0.197183099
4,128,0.587059943,0.825880114,0.3905804,0.911116236,0.959271218,0.763607011,0.757857974,0.739231665,0.374854482,30.679837,0.473358706,42.578497,17.69743102,48.873889,0.690405904,22.24631,16.28228782,54.500622,0.715175277,34.723247,21.38837638,69.928401,0.668218859,51.571595,25.61117579,23.478624,0.330637488,21.88392,6.565176023,13.65313653,52.10728,0.730627306,25.092251,43.54243542,85.239852,0.889298893,50.553506,13.65313653,57.713249,0.741697417,17.343173,33.99301513,74.364896,0.763678696,62.165308,32.54043768,49.482109,0.559467174,0.688392008,0.721399917,0.91465349,0.899755614,0.927329737,58.44004657,86.477075,0.792782305,0.854481956,0.64,0.56,0,0,0.92,0.7,0.74,0.86,0.54,0.7,0.74,0.56,0.18,0.32,0.52,0.04,0.08,0.12,0.48,0.22,0,0.18,0.36,0,0.02,0,0.04,0.18,0.2,0.28,0.2,0.2,0.06,0.2,0.08,0.08,0.2,0.16,0.08,0.12,0.55,0.0602,0.2393,0.2258,0.5311,0.8297,0.7157,0.7117,0.5119,0.5022,57.635175,0.814901048,61.001164,35.97206054,0.073395084,0.737082994,0.731023943,0.745098039,0.833865815,0.815119897,0.867870393,0.827332084,0.588447653,0.824541284,0.820266577,0.824312632,0.464788732
4,256,0.65509039,0.840152236,0.4452902,0.914990775,0.96351476,0.776476015,0.760186263,0.830034924,0.523864959,36.151838,0.509990485,44.196004,20.36156042,52.198839,0.72347786,23.690037,16.900369,57.399585,0.724169742,38.611624,23.72232472,73.099415,0.708963912,51.688009,28.05587893,28.142119,0.368220742,22.740247,7.278782112,14.02214022,61.363636,0.756457565,26.568266,43.54243542,84.132841,0.881918819,54.98155,14.02214022,68.727273,0.800738007,17.712177,35.73923166,73.580533,0.763678696,69.150175,35.49000951,54.295819,0.590865842,0.723120837,0.736016969,0.92814426,0.903905566,0.939318486,61.35040745,89.339513,0.795110594,0.876600698,0.58,0.42,0,0,0.82,0.7,0.64,0.82,0.6,0.58,0.84,0.66,0.46,0.38,0.38,0.12,0.1,0.18,0.32,0.4,0,0.28,0.44,0,0,0,0,0.18,0.2,0.2,0.34,0.3,0.2,0.2,0.18,0.12,0.12,0.04,0.1,0.22,0.5699,0.0539,0.2539,0.3495,0.6376,0.8462,0.793,0.764,0.5275,0.5227,67.623421,0.870779977,56.577416,28.75436554,0.234289388,0.771663954,0.761996943,0.791666667,0.856661046,0.831228263,0.886420975,0.84981685,0.624548736,0.849770642,0.855832315,0.855560474,0.507042254
4,512,0.661750714,0.858230257,0.477640343,0.914391144,0.970202952,0.782656827,0.766006985,0.863795111,0.610011641,37.624552,0.508563273,47.335871,21.02759277,50.313331,0.733394834,24.760148,17.9797048,59.443777,0.745433579,42.795203,26.99261993,76.363636,0.721769499,55.413271,29.45285215,29.060102,0.395813511,25.784967,8.80114177,18.4501845,60.37037,0.763837638,31.365314,48.70848708,86.029412,0.896678967,58.671587,14.7601476,66.913124,0.852398524,18.819188,43.07334109,76.71866,0.772991851,76.36787,38.20171265,55.811929,0.604186489,0.758325404,0.741873011,0.93181296,0.902798912,0.945912298,63.09662398,89.959373,0.806752037,0.903376019,0.74,0.52,0.02,0,0.88,0.76,0.76,0.76,0.46,0.56,0.9,0.72,0.36,0.34,0.58,0.2,0.1,0.22,0.44,0.38,0,0.3,0.56,0,0,0,0.04,0.22,0.22,0.26,0.16,0.28,0.24,0.16,0.16,0.08,0.22,0.08,0.14,0.18,0.5678,0.1416,0.2617,0.3882,0.6224,0.8472,0.7928,0.7744,0.5052,0.5081,74.712644,0.873108265,76.949942,52.03725262,0.307031175,0.77908869,0.777687213,0.825980392,0.880672269,0.848801025,0.890452634,0.854333169,0.61732852,0.866972477,0.868593726,0.864883039,0.267605634
4,768,0.675547098,0.870599429,0.506660324,0.915221402,0.968865314,0.784363469,0.768335274,0.880093132,0.623981374,40.357219,0.529971456,48.810657,23.02568982,51.141679,0.742804428,26.374539,18.73154982,57.47232,0.746817343,45.973247,28.35793358,72.536946,0.688009313,58.672875,30.84982538,28.475507,0.381541389,26.59372,8.991436727,19.18819188,59.557344,0.734317343,33.579336,50.92250923,88.602941,0.904059041,62.730627,14.39114391,68.274583,0.852398524,18.819188,46.56577416,77.995392,0.781140861,76.251455,41.38915319,58.680715,0.627021884,0.790675547,0.745146862,0.93688458,0.906349426,0.948125605,63.32945285,88.334301,0.809080326,0.906868452,0.46,0.38,0,0,0.46,0.46,0.46,0.48,0.46,0.34,0.74,0.62,0.3,0.4,0.4,0.02,0.04,0.32,0.34,0.34,0,0.1,0.38,0,0,0,0,0.06,0.12,0.16,0.1,0.16,0.04,0.08,0.06,0.02,0.08,0.04,0.1,0.08,0.641,0.2283,0.272,0.4347,0.6905,0.8485,0.7589,0.765,0.5196,0.5697,75.940707,0.891734575,79.511059,54.9476135,0.367721088,0.787327095,0.786041773,0.843137255,0.890784983,0.858319605,0.897180312,0.862492144,0.628158845,0.891055046,0.880418906,0.876394405,0.23943662
6,128,0.614652712,0.831113225,0.407231208,0.91351476,0.956042435,0.765590406,0.759022119,0.752037253,0.372526193,31.987394,0.470028544,44.14843,18.93434824,52.242275,0.710654982,21.535978,15.72416974,59.553855,0.731365314,35.415129,23.0304428,75.382803,0.722933644,50.873108,27.59022119,28.108273,0.364414843,19.600381,5.946717412,14.7601476,66.27907,0.79704797,23.247232,42.06642066,85.925926,0.900369004,52.398524,12.91512915,67.276051,0.819188192,18.081181,34.225844,73.544669,0.759022119,60.302678,33.25404377,54.159633,0.572312084,0.67697431,0.725918753,0.92407889,0.900816157,0.931110804,60.1862631,88.477128,0.795110594,0.862630966,0.1,0.22,0,0,0.48,0.3,0.3,0.6,0.22,0.4,0.54,0.52,0.24,0.26,0.38,0.16,0.06,0.2,0.44,0.18,0,0.16,0.14,0,0,0,0.02,0.14,0.06,0.06,0.28,0.2,0.04,0.14,0.08,0.06,0.02,0.04,0.04,0.04,0.4911,0.0383,0.227,0.2613,0.5734,0.8257,0.7328,0.7172,0.5032,0.5213,59.357061,0.817229336,58.440047,27.93946449,0.066244722,0.753254679,0.742842588,0.776960784,0.849586777,0.830313015,0.872174128,0.832142393,0.649819495,0.844036697,0.84197308,0.847498924,0.366197183
6,256,0.64605138,0.841103711,0.446717412,0.914898524,0.963422509,0.777859779,0.766006985,0.834691502,0.559953434,35.582065,0.509514748,45.480495,21.21788773,54.557898,0.742712177,24.012915,17.06642066,61.565979,0.761808118,37.795203,24.86623616,79.812756,0.759022119,53.201397,30.15133877,28.596288,0.372978116,24.16746,7.706945766,16.97416974,66.923077,0.811808118,24.354244,42.80442804,85.767098,0.896678967,52.767528,15.12915129,65.930018,0.822878229,18.819188,39.4644936,76.494486,0.776484284,70.896391,36.06089439,56.143498,0.606565176,0.726450999,0.738276387,0.9323745,0.904597224,0.939318486,60.88474971,89.495067,0.798603027,0.88242142,0.18,0.26,0,0,0.44,0.44,0.28,0.36,0.3,0.32,0.7,0.56,0.36,0.32,0.46,0.08,0.06,0.24,0.32,0.18,0,0.16,0.22,0,0,0,0.02,0.06,0.1,0.1,0.2,0.14,0.06,0.14,0.12,0.06,0.02,0,0.08,0.16,0.599,0.0687,0.2473,0.3729,0.6452,0.8407,0.7683,0.7528,0.5087,0.5247,67.954545,0.869615832,62.98021,38.88242142,0.305323696,0.771460537,0.76882323,0.852941176,0.895833333,0.835072305,0.882067771,0.844427043,0.642599278,0.878440367,0.856983889,0.856369832,0.563380282
6,512,0.663177926,0.864414843,0.49096099,0.915774908,0.96900369,0.781226937,0.762514552,0.866123399,0.605355064,37.823186,0.51284491,48.09705,22.8829686,53.734517,0.732841328,25.013838,17.82749077,64.077896,0.779428044,44.976937,29.32195572,81.871345,0.754365541,60.186263,34.225844,31.44463,0.414367269,26.403425,9.039010466,21.40221402,69.53271,0.826568266,32.472325,49.44649446,87.292818,0.904059041,58.302583,15.49815498,69.372694,0.84501845,18.819188,44.23748545,75.565873,0.776484284,77.648428,39.86679353,58.983504,0.623215985,0.771170314,0.740351363,0.93560807,0.90422834,0.944621202,62.86379511,90.360046,0.80209546,0.897555297,0.56,0.48,0,0,0.68,0.68,0.52,0.54,0.28,0.24,0.56,0.54,0.5,0.26,0.3,0.12,0.08,0.2,0.4,0.3,0,0.26,0.5,0,0.02,0,0,0.14,0.14,0.1,0.12,0.36,0.08,0.18,0.16,0.1,0.08,0.06,0.12,0.14,0.5527,0.1045,0.2482,0.3782,0.6242,0.8494,0.763,0.7133,0.5091,0.5251,74.871795,0.891734575,58.440047,32.71245634,0.334953784,0.786615134,0.785634233,0.838235294,0.888513514,0.845872231,0.889215929,0.85439355,0.646209386,0.888761468,0.874467923,0.869846849,0.253521127
6,768,0.677925785,0.87963844,0.51284491,0.916559041,0.970295203,0.787038745,0.766006985,0.873108265,0.611175786,40.741504,0.52378687,52.664129,24.59562322,52.331909,0.74197417,26.305351,18.85608856,60.283552,0.763468635,46.789668,29.45571956,79.51952,0.736903376,56.228172,31.78114086,32.836289,0.409609895,27.3549,10.41864891,24.72324723,67.45098,0.789667897,36.162362,51.66051661,87.33945,0.896678967,61.99262,15.86715867,68.634686,0.837638376,20.295203,47.49708964,76.576056,0.771827707,79.743888,40.6755471,60.493827,0.6132255,0.792578497,0.74256467,0.93858173,0.905703878,0.948310047,63.32945285,89.639115,0.803259604,0.90919674,0,0.04,0,0,0,0,0.02,0,0.02,0.02,0,0.22,0.02,0.02,0.08,0,0,0.04,0,0.02,0,0,0.02,0,0,0,0,0,0,0,0,0.02,0.02,0.04,0,0.02,0.02,0,0,0.04,0.6516,0.1125,0.2646,0.4272,0.6961,0.8605,0.747,0.7291,0.5133,0.5273,76.293348,0.884749709,54.714785,29.33643772,0.484911018,0.802990236,0.802954661,0.81372549,0.871186441,0.870400879,0.891961415,0.856173856,0.61732852,0.89793578,0.887171778,0.88262347,0.38028169
8,128,0.637488107,0.829210276,0.433872502,0.91148524,0.960701107,0.768634686,0.763678696,0.736903376,0.378346915,33.053221,0.494291151,43.815414,19.45765937,52.369089,0.712869004,21.346863,16.06088561,53.826112,0.710147601,35.092251,20.7702952,72.460364,0.710128056,52.619325,27.12456345,26.287381,0.338249286,21.50333,7.088487155,13.28413284,58.267717,0.752767528,22.140221,39.48339483,84.558824,0.900369004,45.387454,13.28413284,66.173752,0.793357934,16.605166,28.87077998,75.407925,0.772991851,54.132712,33.49191246,52.897103,0.568030447,0.697431018,0.725780421,0.92756294,0.90104671,0.925439203,60.41909197,89.699074,0.797438882,0.866123399,0.26,0.24,0,0,0.46,0.56,0.36,0.66,0.42,0.52,0.62,0.62,0.28,0.36,0.24,0.08,0,0.22,0.44,0.22,0,0.06,0.28,0,0,0,0,0.1,0.14,0.14,0.12,0.14,0.06,0.06,0.02,0.04,0.06,0.02,0.02,0.04,0.4922,0.0427,0.2439,0.2688,0.6081,0.8295,0.7177,0.708,0.5052,0.5119,64.090909,0.832363213,55.878929,27.12456345,0.187767161,0.757017901,0.748344371,0.774509804,0.838596491,0.836902801,0.872891417,0.832785605,0.635379061,0.839449541,0.843926537,0.848124086,0.563380282
8,256,0.651284491,0.837773549,0.451950523,0.916374539,0.965498155,0.781457565,0.764842841,0.849825378,0.557625146,37.192982,0.50190295,46.812559,21.02759277,52.379551,0.740405904,22.809041,17.0202952,59.457591,0.746817343,38.357934,23.93911439,79.582367,0.753201397,52.735739,30.2677532,30.066323,0.399143673,22.454805,8.658420552,17.71217712,65.561694,0.800738007,29.151292,47.23247232,84.558824,0.900369004,56.457565,14.7601476,67.395264,0.841328413,19.926199,42.49126892,76.825029,0.778812573,75.785797,37.15509039,56.251336,0.603235014,0.749762131,0.740443584,0.93500807,0.904873888,0.940102365,61.46682189,89.275362,0.798603027,0.885913853,0.5,0.38,0,0,0.7,0.64,0.5,0.52,0.36,0.46,0.88,0.62,0.4,0.38,0.48,0.06,0.08,0.2,0.32,0.32,0,0.2,0.46,0,0.02,0,0,0.18,0.12,0.14,0.14,0.28,0.1,0.06,0.04,0.1,0.08,0.06,0.12,0.22,0.5345,0.0874,0.2515,0.3459,0.6661,0.8472,0.7541,0.6843,0.5211,0.5215,69.336384,0.871944121,72.759022,47.84633295,0.287984113,0.786716843,0.778298523,0.789215686,0.859016393,0.856306059,0.889438536,0.854102748,0.628158845,0.872706422,0.859898843,0.860765239,0.450704225
8,512,0.672692674,0.870123692,0.501427212,0.914898524,0.969787823,0.784824723,0.766006985,0.866123399,0.611175786,39.658048,0.519029496,50.142721,24.11988582,54.891292,0.74695572,23.943727,18.36254613,62.10166,0.772509225,44.773985,29.49261993,81.239041,0.770663562,56.926659,32.36321304,32.89393,0.427687916,25.356803,9.752616556,22.87822878,67.790262,0.808118081,32.841328,49.44649446,85.87156,0.896678967,59.409594,14.02214022,69.835466,0.837638376,19.557196,46.68218859,76.860465,0.774155995,78.346915,40.62797336,59.252423,0.621313035,0.785442436,0.742656891,0.93899963,0.904781666,0.945681745,62.1653085,89.75553,0.804423749,0.896391153,0.36,0.32,0,0,0.62,0.56,0.34,0.44,0.28,0.3,0.68,0.7,0.26,0.36,0.26,0.12,0.06,0.24,0.28,0.32,0,0.2,0.3,0,0,0,0,0.06,0.1,0.16,0.12,0.24,0.1,0.12,0.1,0.04,0.08,0.1,0.08,0.22,0.572,0.1729,0.2561,0.422,0.631,0.851,0.7696,0.7492,0.5104,0.5312,71.404011,0.856810244,57.275902,32.47962747,0.430108133,0.795158666,0.787977585,0.823529412,0.87456446,0.863994142,0.886025229,0.850282669,0.588447653,0.876146789,0.875848123,0.872057261,0.563380282
8,768,0.686964795,0.861084681,0.504757374,0.917066421,0.969787823,0.785654982,0.764842841,0.871944121,0.614668219,41.484999,0.529495718,48.715509,23.50142721,58.81761,0.77702952,24.331181,18.63929889,64.570966,0.778690037,44.432657,29.78321033,82.161534,0.771827707,57.159488,32.94528522,33.301344,0.432921028,23.02569,9.657469077,23.24723247,66.787659,0.808118081,33.210332,50.55350554,89.010989,0.907749077,60.516605,14.7601476,73.027523,0.867158672,20.295203,44.58672875,76.146257,0.772991851,78.579744,40.81826832,60.251046,0.640342531,0.771170314,0.744409093,0.93969675,0.905381104,0.946142851,64.02793946,90.813953,0.806752037,0.903376019,0.22,0.18,0,0,0.32,0.42,0.3,0.3,0.22,0.16,0.58,0.4,0.08,0.34,0.24,0.14,0.1,0.2,0.34,0.1,0,0.04,0.24,0,0,0,0,0.02,0.06,0.06,0.02,0.16,0.1,0.06,0.06,0.02,0.1,0.02,0.08,0.16,0.5547,0.1011,0.2525,0.4065,0.7376,0.8526,0.7812,0.6912,0.526,0.5576,71.553229,0.87427241,47.729919,25.02910361,0.492545726,0.809906428,0.804584819,0.860294118,0.902564103,0.876807615,0.875166955,0.837387634,0.646209386,0.894495413,0.887401371,0.883032795,0.366197183
10,128,0.638439581,0.821598478,0.426736441,0.911669742,0.95751845,0.764437269,0.766006985,0.752037253,0.384167637,34.465514,0.488582303,41.627022,18.07802093,52.944094,0.713745387,20.821033,15.82564576,61.830321,0.753321033,32.795203,21.7297048,77.784189,0.761350407,50.174622,29.22002328,29.799783,0.378686965,19.933397,7.278782112,15.86715867,66.048237,0.811808118,23.616236,38.00738007,86.556169,0.900369004,46.125461,14.7601476,65.543071,0.815498155,18.081181,29.68568102,76.245655,0.770663562,54.714785,34.15794481,54.576857,0.588962892,0.688867745,0.723982109,0.93079298,0.903260018,0.925346982,59.83701979,89.687138,0.797438882,0.861466822,0.6,0.46,0,0,0.84,0.76,0.7,0.78,0.6,0.6,0.86,0.5,0.4,0.48,0.32,0.04,0.06,0.2,0.44,0.28,0,0.24,0.46,0,0,0,0,0.12,0.1,0.16,0.24,0.24,0.12,0.24,0.04,0.08,0.14,0.02,0.1,0.16,0.5156,0.0349,0.2354,0.2967,0.6053,0.8349,0.7273,0.6753,0.5068,0.5275,63.74502,0.826542491,53.084983,23.16647264,0.078122712,0.762510171,0.753642384,0.784313725,0.84057971,0.836719751,0.872594608,0.832034434,0.610108303,0.846330275,0.837073934,0.842908451,0.492957746
10,256,0.671265461,0.839200761,0.469077069,0.914483395,0.964068266,0.777998155,0.768335274,0.850989523,0.569266589,37.018736,0.49809705,43.76784,19.88582303,56.773836,0.749538745,24.174354,18.28413284,62.146375,0.757979705,38.860701,25.60885609,80.673244,0.753201397,54.714785,32.01396973,31.52439,0.414367269,20.789724,7.326355852,17.34317343,65.682657,0.819188192,27.675277,46.12546125,85.608856,0.900369004,55.350554,15.86715867,68.75,0.833948339,18.819188,40.39580908,74.956421,0.770663562,72.409779,36.82207422,55.387355,0.603710752,0.729781161,0.739567483,0.93868044,0.90584221,0.938765159,61.93247963,90.37123,0.803259604,0.887077998,0.5,0.36,0,0,0.64,0.64,0.5,0.46,0.34,0.38,0.76,0.6,0.56,0.36,0.44,0.14,0.1,0.18,0.36,0.36,0,0.28,0.22,0,0,0,0.04,0.26,0.22,0.28,0.16,0.22,0.1,0.12,0.18,0.08,0.16,0.06,0.16,0.22,0.5631,0.0775,0.2331,0.3491,0.6502,0.8531,0.7638,0.7071,0.5184,0.507,68.778281,0.860302678,56.69383,29.45285215,0.287541436,0.786106591,0.786958737,0.850490196,0.893913043,0.858502654,0.891343062,0.856028578,0.664259928,0.862385321,0.860733204,0.860344563,0.549295775
10,512,0.677450048,0.863463368,0.502854424,0.916005535,0.969234317,0.78302583,0.761350407,0.873108265,0.60419092,38.424242,0.507136061,48.572788,22.50237869,60.979209,0.788791513,25.571956,19.24354244,60.823189,0.755719557,43.874539,28.43173432,80.378251,0.749708964,56.577416,32.71245634,31.393815,0.409609895,27.069458,9.086584206,17.34317343,65.00956,0.793357934,32.103321,46.49446494,85.451197,0.889298893,57.933579,15.49815498,73.913043,0.852398524,18.819188,42.49126892,75.159236,0.769499418,78.696158,40.72312084,59.641577,0.623215985,0.776879163,0.74251856,0.94033292,0.906072762,0.943283995,62.74738068,87.057458,0.80209546,0.898719441,0.18,0.22,0,0,0.28,0.14,0.14,0.18,0.22,0.12,0.24,0.38,0.08,0.1,0.28,0.14,0.02,0.38,0.4,0.12,0,0.02,0.12,0,0,0,0,0.02,0.04,0.02,0.1,0.18,0,0.16,0.02,0.02,0.04,0.04,0.1,0.08,0.5926,0.1089,0.2417,0.4152,0.7059,0.865,0.7829,0.7358,0.5081,0.5543,75.534991,0.895227008,56.344587,31.43189756,0.43604934,0.792412531,0.78828324,0.857843137,0.902356902,0.854292513,0.631832797,0,0.664259928,0.865825688,0.880870049,0.875808689,0.563380282
10,768,0.702188392,0.874881066,0.547573739,0.917435424,0.971217712,0.785931734,0.764842841,0.876600698,0.625145518,42.384964,0.533777355,51.807802,24.73834443,61.955236,0.80650369,26.858856,20.47509225,65.647899,0.788330258,46.337638,31.43450185,82.798834,0.768335274,58.556461,34.57508731,31.62104,0.438629876,27.973359,10.6565176,23.61623616,71.691176,0.830258303,35.055351,51.66051661,88.560886,0.915129151,61.254613,15.86715867,74.31694,0.874538745,19.926199,42.95692666,77.758521,0.778812573,78.346915,41.7697431,61.428571,0.636060894,0.778306375,0.744362982,0.94053132,0.905565546,0.946235072,64.02793946,89.651163,0.805587893,0.920838184,0.18,0.14,0,0,0.12,0.1,0.06,0.14,0.04,0.06,0.08,0.2,0.04,0.18,0.28,0.08,0.04,0.24,0.26,0.08,0,0,0.08,0,0,0,0,0.02,0,0.04,0.06,0.16,0,0.02,0,0,0,0.02,0,0.04,0.6158,0.1079,0.2569,0.38,0.7095,0.8545,0.7834,0.7307,0.5342,0.6025,68.05075,0.870779977,49.476135,26.3096624,0.497173893,0.81366965,0.813143148,0.855392157,0.899830221,0.880285557,0.631832797,0,0.671480144,0.89793578,0.892070994,0.888504575,0.563380282
12,128,0.617982873,0.775927688,0.363463368,0.913837638,0.955627306,0.764667897,0.764842841,0.757857974,0.393480792,37.259011,0.492388202,40.627973,18.12559467,55.682901,0.745618081,21.296125,16.39298893,60.542974,0.742343173,33.141144,21.33302583,74.880952,0.70314319,54.132712,29.33643772,29.759735,0.418648906,21.408183,7.992388202,12.54612546,62.21374,0.756457565,21.771218,40.22140221,87.38574,0.904059041,47.97048,12.54612546,67.403315,0.826568266,16.605166,32.01396973,75.625364,0.763678696,60.186263,34.30066603,56.965231,0.582302569,0.679352997,0.723659335,0.92675401,0.902199474,0.92599253,54.71478463,88.72093,0.763975155,0.844004657,0,0.06,0,0,0.04,0.06,0.06,0.06,0.02,0.04,0.16,0.18,0.16,0.24,0.26,0.02,0.06,0.18,0.38,0.04,0,0.02,0.02,0,0,0,0,0.06,0.02,0.02,0.1,0.06,0.02,0.1,0.02,0,0.02,0,0.02,0.04,0.5458,0.0322,0.2291,0.2864,0.6152,0.8377,0.73,0.7035,0.5037,0.5259,58.553792,0.81024447,58.323632,28.87077998,0.059460263,0.763832384,0.752012226,0.779411765,0.845890411,0.829214717,0.875191689,0.837330754,0.599277978,0.84059633,0.838727675,0.846744831,0.478873239
12,256,0.672692674,0.850142721,0.475737393,0.914898524,0.963883764,0.780673432,0.770663562,0.848661234,0.58556461,35.666191,0.497145576,46.241675,22.02664129,56.053812,0.745756458,22.592251,17.23708487,59.424481,0.73648524,39.211255,24.4695572,77.423168,0.745052386,54.947614,29.33643772,28.871549,0.382492864,19.838249,7.706945766,14.02214022,66.407767,0.78597786,23.98524,42.80442804,85.451197,0.878228782,55.350554,15.49815498,71.143376,0.833948339,19.188192,41.21071013,74.318841,0.763678696,75.552969,37.44053283,59.830668,0.617982873,0.727878211,0.737630839,0.93668726,0.90588832,0.938257943,61.58323632,88.528389,0.797438882,0.87427241,0.32,0.26,0,0,0.42,0.4,0.22,0.26,0.3,0.2,0.8,0.54,0.3,0.36,0.42,0.02,0.08,0.16,0.36,0.24,0,0.14,0.18,0,0,0,0,0.06,0.14,0.1,0.18,0.2,0.02,0.06,0.08,0.06,0.06,0.02,0.12,0.12,0.5642,0.0522,0.2308,0.389,0.6707,0.8465,0.7693,0.7059,0.507,0.5054,64.367816,0.8556461,54.714785,24.21420256,0.294771111,0.783665582,0.777992868,0.781862745,0.851419032,0.862529746,0.889710611,0.854171436,0.613718412,0.871559633,0.870590162,0.868853545,0.352112676
12,512,0.671265461,0.842530923,0.482397716,0.916512915,0.967527675,0.781595941,0.770663562,0.873108265,0.618160652,38.549698,0.538534729,48.430067,23.83444339,59.110914,0.776107011,24.935424,18.19188192,59.656996,0.747555351,40.059963,25.4704797,79.348458,0.745052386,53.084983,30.96623981,31.698801,0.436726927,27.640343,10.27592769,19.55719557,66.542751,0.808118081,27.675277,47.23247232,86.715867,0.896678967,57.195572,15.12915129,74.637681,0.856088561,20.295203,47.72991851,75.75406,0.772991851,80.675204,39.81921979,60.480791,0.627973359,0.754995243,0.742011343,0.93876328,0.905934431,0.943237884,62.74738068,89.779326,0.798603027,0.895227008,0.4,0.32,0,0,0.56,0.52,0.4,0.46,0.32,0.2,0.54,0.42,0.26,0.3,0.3,0.18,0.1,0.26,0.38,0.2,0,0.14,0.32,0,0,0,0,0.04,0.16,0.24,0.06,0.18,0.12,0.04,0.2,0,0.06,0.04,0.1,0.1,0.608,0.1177,0.2496,0.4331,0.6768,0.8481,0.7294,0.7042,0.5183,0.5573,67.625072,0.873108265,53.434226,26.77532014,0.36435409,0.800752644,0.793071829,0.830882353,0.882051282,0.864360242,0.856641108,0.811928094,0.682310469,0.876146789,0.887685298,0.884470948,0.408450704
12,768,0.668411037,0.870599429,0.513796384,0.917389299,0.970756458,0.787730627,0.772991851,0.878928987,0.620488941,41.781811,0.540913416,48.953378,24.40532826,57.476539,0.772601476,26.54059,19.61254613,65.773856,0.778643911,49.114391,32.06642066,82.155272,0.767171129,63.911525,38.88242142,34.657837,0.440057088,27.3549,10.27592769,24.35424354,72.958258,0.841328413,34.317343,50.55350554,85.97786,0.896678967,62.361624,15.49815498,71.691176,0.874538745,20.664207,44.58672875,74.405107,0.769499418,78.696158,42.29305423,61.628168,0.641769743,0.794481446,0.740674137,0.94003271,0.906626089,0.943330106,64.84284051,90.337602,0.806752037,0.911525029,0.06,0.04,0,0,0.12,0.08,0.04,0.06,0.06,0.06,0.02,0.2,0.08,0.16,0.14,0.06,0.02,0.2,0.22,0.02,0,0,0.04,0,0,0,0,0,0,0.06,0.02,0.02,0.04,0,0,0,0.02,0.02,0.02,0,0.6144,0.0783,0.2533,0.3486,0.7222,0.8547,0.7497,0.707,0.5254,0.5554,68.247542,0.864959255,49.825378,23.74854482,0.559839578,0.813873068,0.809679063,0.862745098,0.902777778,0.851546769,0.631832797,0,0.63898917,0.899082569,0.894867441,0.891017579,0.549295775
